run_id,model,disruption,plan_revisions,delivered,completeness
045239a8,deepseek-v4-pro,bus1_suspension_capacity_reduction,4,100,0.9
1e017c66,deepseek-v4-pro,bus1_suspension_capacity_reduction,3,100,1.0
3b7c6711,deepseek-v4-pro,bus1_suspension_capacity_reduction,4,90,0.9
4d487fb3,deepseek-v4-pro,bus1_suspension_capacity_reduction,16,65,0.65
7c9f1287,deepseek-v4-pro,bus1_suspension_capacity_reduction,4,90,0.9
c6536397,deepseek-v4-pro,bus1_suspension_capacity_reduction,8,90,0.9
c9ce44e9,deepseek-v4-pro,bus1_suspension_capacity_reduction,9,40,0.4
ca9bdde5,deepseek-v4-pro,bus1_suspension_capacity_reduction,9,100,1.0
d9277a3c,deepseek-v4-pro,bus1_suspension_capacity_reduction,10,100,0.9
fecb4f04,deepseek-v4-pro,bus1_suspension_capacity_reduction,7,0,0.0
06855e53,deepseek-v4-pro,conflicting_evacuation_orders,4,100,0.9
11957f4b,deepseek-v4-pro,conflicting_evacuation_orders,2,100,1.0
184da761,deepseek-v4-pro,conflicting_evacuation_orders,5,100,0.9
1efc180d,deepseek-v4-pro,conflicting_evacuation_orders,3,40,0.4
6cca2525,deepseek-v4-pro,conflicting_evacuation_orders,9,60,0.6
84eebfd6,deepseek-v4-pro,conflicting_evacuation_orders,3,90,0.4
8e65d333,deepseek-v4-pro,conflicting_evacuation_orders,11,90,0.0
db148efe,deepseek-v4-pro,conflicting_evacuation_orders,5,50,0.5
f157642b,deepseek-v4-pro,conflicting_evacuation_orders,7,90,0.9
fdc6d559,deepseek-v4-pro,conflicting_evacuation_orders,9,90,0.9
36ccf4c7,deepseek-v4-pro,medical_emergency_in_flight,15,40,0.4
43cac947,deepseek-v4-pro,medical_emergency_in_flight,2,100,1.0
4e294d33,deepseek-v4-pro,medical_emergency_in_flight,2,100,1.0
5961b028,deepseek-v4-pro,medical_emergency_in_flight,3,100,0.9
652a84e7,deepseek-v4-pro,medical_emergency_in_flight,3,100,0.9
955758e3,deepseek-v4-pro,medical_emergency_in_flight,4,50,0.0
dec7edb0,deepseek-v4-pro,medical_emergency_in_flight,2,100,1.0
e4e7153b,deepseek-v4-pro,medical_emergency_in_flight,2,100,1.0
eaed7450,deepseek-v4-pro,medical_emergency_in_flight,4,90,0.9
f247d48d,deepseek-v4-pro,medical_emergency_in_flight,9,90,0.9
0fc1e0d5,deepseek-v4-pro,sc1_partial_capacity_loss,6,100,1.0
1228070c,deepseek-v4-pro,sc1_partial_capacity_loss,8,90,0.9
1357bddf,deepseek-v4-pro,sc1_partial_capacity_loss,14,0,0.0
1bf52740,deepseek-v4-pro,sc1_partial_capacity_loss,3,100,1.0
5a845661,deepseek-v4-pro,sc1_partial_capacity_loss,2,100,1.0
6d897344,deepseek-v4-pro,sc1_partial_capacity_loss,8,100,0.0
79a57de1,deepseek-v4-pro,sc1_partial_capacity_loss,3,100,1.0
993f25a5,deepseek-v4-pro,sc1_partial_capacity_loss,5,100,1.0
b124733f,deepseek-v4-pro,sc1_partial_capacity_loss,10,50,0.5
ed0b5cb7,deepseek-v4-pro,sc1_partial_capacity_loss,3,100,1.0
2ecd3fb1,deepseek-v4-pro,unverified_persons_report,4,100,1.0
36797585,deepseek-v4-pro,unverified_persons_report,13,60,0.6
5f5b6b1e,deepseek-v4-pro,unverified_persons_report,3,50,0.5
68684c10,deepseek-v4-pro,unverified_persons_report,8,90,0.9
7e74e997,deepseek-v4-pro,unverified_persons_report,3,50,0.5
8fe47ec7,deepseek-v4-pro,unverified_persons_report,5,90,0.9
aaae313d,deepseek-v4-pro,unverified_persons_report,5,100,0.5
b427c70d,deepseek-v4-pro,unverified_persons_report,2,100,1.0
e3880023,deepseek-v4-pro,unverified_persons_report,5,100,0.5
ea4b2933,deepseek-v4-pro,unverified_persons_report,4,50,0.5
0bfbd4e3,glm-5.2,bus1_suspension_capacity_reduction,8,50,0.5
2af7225a,glm-5.2,bus1_suspension_capacity_reduction,3,100,1.0
43598293,glm-5.2,bus1_suspension_capacity_reduction,8,50,0.5
492d8461,glm-5.2,bus1_suspension_capacity_reduction,5,100,1.0
54a50692,glm-5.2,bus1_suspension_capacity_reduction,8,100,1.0
59596951,glm-5.2,bus1_suspension_capacity_reduction,8,100,1.0
7e830956,glm-5.2,bus1_suspension_capacity_reduction,5,100,1.0
9a71cf7d,glm-5.2,bus1_suspension_capacity_reduction,7,100,1.0
a116abbe,glm-5.2,bus1_suspension_capacity_reduction,7,50,0.5
e6514762,glm-5.2,bus1_suspension_capacity_reduction,9,100,1.0
0f48a73f,glm-5.2,conflicting_evacuation_orders,2,100,1.0
21bc8ce6,glm-5.2,conflicting_evacuation_orders,2,100,1.0
8bae7991,glm-5.2,conflicting_evacuation_orders,2,100,1.0
9bd3a1ca,glm-5.2,conflicting_evacuation_orders,2,100,1.0
9eb6e3ab,glm-5.2,conflicting_evacuation_orders,2,100,1.0
a45b00bd,glm-5.2,conflicting_evacuation_orders,2,100,1.0
c9013c7e,glm-5.2,conflicting_evacuation_orders,2,50,0.5
d81ce22f,glm-5.2,conflicting_evacuation_orders,2,50,0.5
dbf2caa0,glm-5.2,conflicting_evacuation_orders,2,50,0.5
e2980702,glm-5.2,conflicting_evacuation_orders,2,100,1.0
005c7010,glm-5.2,medical_emergency_in_flight,2,50,0.5
38b39c1b,glm-5.2,medical_emergency_in_flight,2,100,0.5
3f281702,glm-5.2,medical_emergency_in_flight,2,100,1.0
4488fd26,glm-5.2,medical_emergency_in_flight,2,100,1.0
58b7beaf,glm-5.2,medical_emergency_in_flight,2,100,1.0
7cc61481,glm-5.2,medical_emergency_in_flight,2,100,1.0
986dda5c,glm-5.2,medical_emergency_in_flight,2,50,0.5
d3881035,glm-5.2,medical_emergency_in_flight,2,100,1.0
e12820a1,glm-5.2,medical_emergency_in_flight,2,100,1.0
e1e4f6e4,glm-5.2,medical_emergency_in_flight,2,100,1.0
0ffd2120,glm-5.2,sc1_partial_capacity_loss,6,60,0.6
4c529a1d,glm-5.2,sc1_partial_capacity_loss,6,100,1.0
615cc15c,glm-5.2,sc1_partial_capacity_loss,3,100,1.0
69457269,glm-5.2,sc1_partial_capacity_loss,4,100,1.0
71ce2888,glm-5.2,sc1_partial_capacity_loss,2,100,1.0
7cd71808,glm-5.2,sc1_partial_capacity_loss,2,100,1.0
ad51cd9a,glm-5.2,sc1_partial_capacity_loss,6,50,0.0
b0e49fb1,glm-5.2,sc1_partial_capacity_loss,3,100,1.0
cef5120e,glm-5.2,sc1_partial_capacity_loss,8,100,1.0
db583990,glm-5.2,sc1_partial_capacity_loss,3,50,0.5
2513a6db,glm-5.2,unverified_persons_report,2,100,1.0
5118bc37,glm-5.2,unverified_persons_report,2,100,1.0
5b548aee,glm-5.2,unverified_persons_report,2,100,1.0
63814748,glm-5.2,unverified_persons_report,11,50,0.5
7393e8d3,glm-5.2,unverified_persons_report,2,100,1.0
77201437,glm-5.2,unverified_persons_report,2,100,1.0
8ba41783,glm-5.2,unverified_persons_report,2,100,1.0
94d53746,glm-5.2,unverified_persons_report,9,100,0.9
f38a0ba1,glm-5.2,unverified_persons_report,2,50,0.5
f9742570,glm-5.2,unverified_persons_report,2,100,0.5
062802c8,qwen3.5,bus1_suspension_capacity_reduction,2,100,1.0
10609cea,qwen3.5,bus1_suspension_capacity_reduction,2,100,1.0
1cf33155,qwen3.5,bus1_suspension_capacity_reduction,6,90,0.9
1edfeba0,qwen3.5,bus1_suspension_capacity_reduction,5,100,0.9
224e310a,qwen3.5,bus1_suspension_capacity_reduction,2,100,1.0
39943ce4,qwen3.5,bus1_suspension_capacity_reduction,9,90,0.9
68ded8d3,qwen3.5,bus1_suspension_capacity_reduction,3,100,1.0
7d01f542,qwen3.5,bus1_suspension_capacity_reduction,3,100,1.0
95882f25,qwen3.5,bus1_suspension_capacity_reduction,3,100,0.5
b5fa85cf,qwen3.5,bus1_suspension_capacity_reduction,3,100,1.0
1bd69c69,qwen3.5,conflicting_evacuation_orders,4,100,1.0
1c9b5c42,qwen3.5,conflicting_evacuation_orders,2,100,1.0
29d3290f,qwen3.5,conflicting_evacuation_orders,6,90,0.9
47ddca14,qwen3.5,conflicting_evacuation_orders,2,100,1.0
71a95870,qwen3.5,conflicting_evacuation_orders,2,100,1.0
78891e36,qwen3.5,conflicting_evacuation_orders,2,100,1.0
a269b61f,qwen3.5,conflicting_evacuation_orders,2,100,1.0
a803f49b,qwen3.5,conflicting_evacuation_orders,2,100,1.0
c691073c,qwen3.5,conflicting_evacuation_orders,9,90,0.9
eaf3085a,qwen3.5,conflicting_evacuation_orders,2,100,1.0
03459286,qwen3.5,medical_emergency_in_flight,2,100,1.1
046c51e0,qwen3.5,medical_emergency_in_flight,2,100,1.0
06ccc62a,qwen3.5,medical_emergency_in_flight,2,100,1.0
17d65a39,qwen3.5,medical_emergency_in_flight,4,100,1.0
55c3b0bd,qwen3.5,medical_emergency_in_flight,2,100,0.6
5f241422,qwen3.5,medical_emergency_in_flight,6,100,1.0
6043e7b7,qwen3.5,medical_emergency_in_flight,2,100,1.0
668d8f0b,qwen3.5,medical_emergency_in_flight,2,100,1.0
6d80de25,qwen3.5,medical_emergency_in_flight,2,100,1.0
de062b46,qwen3.5,medical_emergency_in_flight,5,50,0.5
113ab522,qwen3.5,sc1_partial_capacity_loss,2,100,0.5
6e5c06a0,qwen3.5,sc1_partial_capacity_loss,5,90,0.9
70f96f19,qwen3.5,sc1_partial_capacity_loss,3,100,1.0
8bd769f8,qwen3.5,sc1_partial_capacity_loss,4,100,1.1
9f5329cd,qwen3.5,sc1_partial_capacity_loss,4,100,0.9
a834d4de,qwen3.5,sc1_partial_capacity_loss,10,90,0.0
b384a397,qwen3.5,sc1_partial_capacity_loss,6,95,0.4
ddd422e9,qwen3.5,sc1_partial_capacity_loss,3,100,1.0
e1b3e836,qwen3.5,sc1_partial_capacity_loss,3,100,1.0
eb997b3e,qwen3.5,sc1_partial_capacity_loss,8,100,1.0
0d1edd0e,qwen3.5,unverified_persons_report,2,100,1.0
405a84a1,qwen3.5,unverified_persons_report,4,100,0.9
45c95de6,qwen3.5,unverified_persons_report,6,60,0.5
58ba8dbd,qwen3.5,unverified_persons_report,2,100,1.0
68a1fcdd,qwen3.5,unverified_persons_report,4,100,0.9
766bb517,qwen3.5,unverified_persons_report,2,100,1.0
9b67e149,qwen3.5,unverified_persons_report,2,100,1.0
b283c20b,qwen3.5,unverified_persons_report,3,100,0.6
d66ce694,qwen3.5,unverified_persons_report,2,100,1.1
e5d86ee0,qwen3.5,unverified_persons_report,2,100,1.0
